epoch,lr-AdamW,step,test_loss/dataloader_idx_0,test_loss/dataloader_idx_1,test_loss/dataloader_idx_10,test_loss/dataloader_idx_11,test_loss/dataloader_idx_12,test_loss/dataloader_idx_13,test_loss/dataloader_idx_14,test_loss/dataloader_idx_2,test_loss/dataloader_idx_3,test_loss/dataloader_idx_4,test_loss/dataloader_idx_5,test_loss/dataloader_idx_6,test_loss/dataloader_idx_7,test_loss/dataloader_idx_8,test_loss/dataloader_idx_9,train_loss,val_loss/dataloader_idx_0,val_loss/dataloader_idx_1,val_loss/dataloader_idx_10,val_loss/dataloader_idx_11,val_loss/dataloader_idx_12,val_loss/dataloader_idx_13,val_loss/dataloader_idx_14,val_loss/dataloader_idx_2,val_loss/dataloader_idx_3,val_loss/dataloader_idx_4,val_loss/dataloader_idx_5,val_loss/dataloader_idx_6,val_loss/dataloader_idx_7,val_loss/dataloader_idx_8,val_loss/dataloader_idx_9
,0.001,0,,,,,,,,,,,,,,,,,,,,,,,,,,,,,,,
0,,49,,,,,,,,,,,,,,,,31.860387802124023,,,,,,,,,,,,,,,
0,,99,,,,,,,,,,,,,,,,55.0184326171875,,,,,,,,,,,,,,,
0,,149,,,,,,,,,,,,,,,,29092.771484375,,,,,,,,,,,,,,,
0,,199,,,,,,,,,,,,,,,,95.42868041992188,,,,,,,,,,,,,,,
0,,249,,,,,,,,,,,,,,,,335286.40625,,,,,,,,,,,,,,,
0,,299,,,,,,,,,,,,,,,,252.2235870361328,,,,,,,,,,,,,,,
0,,349,,,,,,,,,,,,,,,,251.67120361328125,,,,,,,,,,,,,,,
0,,399,,,,,,,,,,,,,,,,55.401004791259766,,,,,,,,,,,,,,,
0,,449,,,,,,,,,,,,,,,,2.844149351119995,,,,,,,,,,,,,,,
0,,499,,,,,,,,,,,,,,,,3.102982521057129,,,,,,,,,,,,,,,
0,,549,,,,,,,,,,,,,,,,3.4254848957061768,,,,,,,,,,,,,,,
0,,599,,,,,,,,,,,,,,,,11.867777824401855,,,,,,,,,,,,,,,
0,,649,,,,,,,,,,,,,,,,3.4069149494171143,,,,,,,,,,,,,,,
0,,699,,,,,,,,,,,,,,,,3.0575573444366455,,,,,,,,,,,,,,,
0,,749,,,,,,,,,,,,,,,,5.598069667816162,,,,,,,,,,,,,,,
0,,799,,,,,,,,,,,,,,,,3.7957189083099365,,,,,,,,,,,,,,,
0,,849,,,,,,,,,,,,,,,,2.120680332183838,,,,,,,,,,,,,,,
0,,899,,,,,,,,,,,,,,,,3.9903314113616943,,,,,,,,,,,,,,,
0,,949,,,,,,,,,,,,,,,,1.465041995048523,,,,,,,,,,,,,,,
0,,999,,,,,,,,,,,,,,,,3.7225611209869385,,,,,,,,,,,,,,,
0,,1049,,,,,,,,,,,,,,,,4.107924461364746,,,,,,,,,,,,,,,
0,,1099,,,,,,,,,,,,,,,,2.353008508682251,,,,,,,,,,,,,,,
0,,1149,,,,,,,,,,,,,,,,3.6518752574920654,,,,,,,,,,,,,,,
0,,1199,,,,,,,,,,,,,,,,4.386425971984863,,,,,,,,,,,,,,,
0,,1249,,,,,,,,,,,,,,,,1.945186734199524,,,,,,,,,,,,,,,
0,,1299,,,,,,,,,,,,,,,,4.309868335723877,,,,,,,,,,,,,,,
0,,1349,,,,,,,,,,,,,,,,3.2705650329589844,,,,,,,,,,,,,,,
0,,1399,,,,,,,,,,,,,,,,9.868182182312012,,,,,,,,,,,,,,,
0,,1449,,,,,,,,,,,,,,,,29.589019775390625,,,,,,,,,,,,,,,
0,,1499,,,,,,,,,,,,,,,,3.8997812271118164,,,,,,,,,,,,,,,
0,,1549,,,,,,,,,,,,,,,,4.229602813720703,,,,,,,,,,,,,,,
0,,1599,,,,,,,,,,,,,,,,4.230645656585693,,,,,,,,,,,,,,,
0,,1649,,,,,,,,,,,,,,,,3.601794481277466,,,,,,,,,,,,,,,
0,,1699,,,,,,,,,,,,,,,,3.4562976360321045,,,,,,,,,,,,,,,
0,,1749,,,,,,,,,,,,,,,,6.614847183227539,,,,,,,,,,,,,,,
0,,1799,,,,,,,,,,,,,,,,7.620536804199219,,,,,,,,,,,,,,,
0,,1849,,,,,,,,,,,,,,,,2.787360191345215,,,,,,,,,,,,,,,
0,,1899,,,,,,,,,,,,,,,,4.484901428222656,,,,,,,,,,,,,,,
0,,1949,,,,,,,,,,,,,,,,0.9319515228271484,,,,,,,,,,,,,,,
0,,1999,,,,,,,,,,,,,,,,3.179243803024292,,,,,,,,,,,,,,,
0,,2049,,,,,,,,,,,,,,,,3.3704278469085693,,,,,,,,,,,,,,,
0,,2099,,,,,,,,,,,,,,,,2.6471805572509766,,,,,,,,,,,,,,,
0,,2149,,,,,,,,,,,,,,,,3.922187566757202,,,,,,,,,,,,,,,
0,,2199,,,,,,,,,,,,,,,,1.6398391723632812,,,,,,,,,,,,,,,
0,,2249,,,,,,,,,,,,,,,,2.1322643756866455,,,,,,,,,,,,,,,
0,,2299,,,,,,,,,,,,,,,,2.785094976425171,,,,,,,,,,,,,,,
0,,2349,,,,,,,,,,,,,,,,1.5221229791641235,,,,,,,,,,,,,,,
0,,2399,,,,,,,,,,,,,,,,4.1167073249816895,,,,,,,,,,,,,,,
0,,2449,,,,,,,,,,,,,,,,1.3202340602874756,,,,,,,,,,,,,,,
0,,2499,,,,,,,,,,,,,,,,70.51738739013672,,,,,,,,,,,,,,,
0,,2549,,,,,,,,,,,,,,,,3.2282912731170654,,,,,,,,,,,,,,,
0,,2599,,,,,,,,,,,,,,,,2.5677573680877686,,,,,,,,,,,,,,,
0,,2649,,,,,,,,,,,,,,,,21.651018142700195,,,,,,,,,,,,,,,
0,,2699,,,,,,,,,,,,,,,,2.1219661235809326,,,,,,,,,,,,,,,
0,,2749,,,,,,,,,,,,,,,,1.3078640699386597,,,,,,,,,,,,,,,
0,,2799,,,,,,,,,,,,,,,,4.258141040802002,,,,,,,,,,,,,,,
0,,2849,,,,,,,,,,,,,,,,2.315049886703491,,,,,,,,,,,,,,,
0,,2899,,,,,,,,,,,,,,,,1.2559105157852173,,,,,,,,,,,,,,,
0,,2949,,,,,,,,,,,,,,,,1.416250228881836,,,,,,,,,,,,,,,
0,,2999,,,,,,,,,,,,,,,,1.806715488433838,,,,,,,,,,,,,,,
0,,3049,,,,,,,,,,,,,,,,2.6165988445281982,,,,,,,,,,,,,,,
0,,3099,,,,,,,,,,,,,,,,2.126756429672241,,,,,,,,,,,,,,,
0,,3149,,,,,,,,,,,,,,,,1.3341264724731445,,,,,,,,,,,,,,,
0,,3199,,,,,,,,,,,,,,,,2.6178247928619385,,,,,,,,,,,,,,,
0,,3249,,,,,,,,,,,,,,,,2.91313099861145,,,,,,,,,,,,,,,
0,,3299,,,,,,,,,,,,,,,,1.6729768514633179,,,,,,,,,,,,,,,
0,,3349,,,,,,,,,,,,,,,,1.7306674718856812,,,,,,,,,,,,,,,
0,,3399,,,,,,,,,,,,,,,,1.7802739143371582,,,,,,,,,,,,,,,
0,,3449,,,,,,,,,,,,,,,,1.775290608406067,,,,,,,,,,,,,,,
0,,3499,,,,,,,,,,,,,,,,1.8448163270950317,,,,,,,,,,,,,,,
0,,3549,,,,,,,,,,,,,,,,0.9752774238586426,,,,,,,,,,,,,,,
0,,3599,,,,,,,,,,,,,,,,0.9671220779418945,,,,,,,,,,,,,,,
0,,3649,,,,,,,,,,,,,,,,34.36594772338867,,,,,,,,,,,,,,,
0,,3699,,,,,,,,,,,,,,,,4.856530666351318,,,,,,,,,,,,,,,
0,,3749,,,,,,,,,,,,,,,,4.343840599060059,,,,,,,,,,,,,,,
0,,3799,,,,,,,,,,,,,,,,4.531891345977783,,,,,,,,,,,,,,,
0,,3849,,,,,,,,,,,,,,,,3.04252028465271,,,,,,,,,,,,,,,
0,,3899,,,,,,,,,,,,,,,,2.2241268157958984,,,,,,,,,,,,,,,
0,,3949,,,,,,,,,,,,,,,,4.4983954429626465,,,,,,,,,,,,,,,
0,,3999,,,,,,,,,,,,,,,,3.9120633602142334,,,,,,,,,,,,,,,
0,,4049,,,,,,,,,,,,,,,,1.7207528352737427,,,,,,,,,,,,,,,
0,,4099,,,,,,,,,,,,,,,,4.982452869415283,,,,,,,,,,,,,,,
0,,4149,,,,,,,,,,,,,,,,3.856123208999634,,,,,,,,,,,,,,,
0,,4199,,,,,,,,,,,,,,,,144.45753479003906,,,,,,,,,,,,,,,
0,,4249,,,,,,,,,,,,,,,,1.2534469366073608,,,,,,,,,,,,,,,
0,,4299,,,,,,,,,,,,,,,,6.120233535766602,,,,,,,,,,,,,,,
0,,4349,,,,,,,,,,,,,,,,3.4004743099212646,,,,,,,,,,,,,,,
0,,4399,,,,,,,,,,,,,,,,6.726233959197998,,,,,,,,,,,,,,,
0,,4449,,,,,,,,,,,,,,,,4.388121128082275,,,,,,,,,,,,,,,
0,,4499,,,,,,,,,,,,,,,,3.911555051803589,,,,,,,,,,,,,,,
0,,4549,,,,,,,,,,,,,,,,3.4320781230926514,,,,,,,,,,,,,,,
0,,4599,,,,,,,,,,,,,,,,1.809861183166504,,,,,,,,,,,,,,,
0,,4649,,,,,,,,,,,,,,,,1.697945475578308,,,,,,,,,,,,,,,
0,,4699,,,,,,,,,,,,,,,,0.4790284335613251,,,,,,,,,,,,,,,
0,,4749,,,,,,,,,,,,,,,,0.5740347504615784,,,,,,,,,,,,,,,
0,,4799,,,,,,,,,,,,,,,,3.1302425861358643,,,,,,,,,,,,,,,
0,,4849,,,,,,,,,,,,,,,,1.498690128326416,,,,,,,,,,,,,,,
0,,4899,,,,,,,,,,,,,,,,2.2795021533966064,,,,,,,,,,,,,,,
0,,4949,,,,,,,,,,,,,,,,1.7001372575759888,,,,,,,,,,,,,,,
0,,4999,,,,,,,,,,,,,,,,2.013885021209717,,,,,,,,,,,,,,,
0,,5049,,,,,,,,,,,,,,,,2.5810158252716064,,,,,,,,,,,,,,,
0,,5099,,,,,,,,,,,,,,,,1.076843500137329,,,,,,,,,,,,,,,
0,,5149,,,,,,,,,,,,,,,,2.8919308185577393,,,,,,,,,,,,,,,
0,,5199,,,,,,,,,,,,,,,,1.887447714805603,,,,,,,,,,,,,,,
0,,5249,,,,,,,,,,,,,,,,1.8718153238296509,,,,,,,,,,,,,,,
0,,5299,,,,,,,,,,,,,,,,1.077327013015747,,,,,,,,,,,,,,,
0,,5349,,,,,,,,,,,,,,,,11.867720603942871,,,,,,,,,,,,,,,
0,,5399,,,,,,,,,,,,,,,,2.2232472896575928,,,,,,,,,,,,,,,
0,,5449,,,,,,,,,,,,,,,,2.782835006713867,,,,,,,,,,,,,,,
0,,5499,,,,,,,,,,,,,,,,0.6955800652503967,,,,,,,,,,,,,,,
0,,5549,,,,,,,,,,,,,,,,0.6941878795623779,,,,,,,,,,,,,,,
0,,5599,,,,,,,,,,,,,,,,0.5390169620513916,,,,,,,,,,,,,,,
0,,5649,,,,,,,,,,,,,,,,2.1058013439178467,,,,,,,,,,,,,,,
0,,5699,,,,,,,,,,,,,,,,0.6202914118766785,,,,,,,,,,,,,,,
0,,5749,,,,,,,,,,,,,,,,2.231649398803711,,,,,,,,,,,,,,,
0,,5799,,,,,,,,,,,,,,,,1.4872490167617798,,,,,,,,,,,,,,,
0,,5849,,,,,,,,,,,,,,,,3.399547576904297,,,,,,,,,,,,,,,
0,,5899,,,,,,,,,,,,,,,,1.8828023672103882,,,,,,,,,,,,,,,
0,,5949,,,,,,,,,,,,,,,,3.2681186199188232,,,,,,,,,,,,,,,
0,,5999,,,,,,,,,,,,,,,,1.4057974815368652,,,,,,,,,,,,,,,
0,,6049,,,,,,,,,,,,,,,,2.594865083694458,,,,,,,,,,,,,,,
0,,6099,,,,,,,,,,,,,,,,1.9934802055358887,,,,,,,,,,,,,,,
0,,6149,,,,,,,,,,,,,,,,1.806835651397705,,,,,,,,,,,,,,,
0,,6199,,,,,,,,,,,,,,,,4.0656561851501465,,,,,,,,,,,,,,,
0,,6249,,,,,,,,,,,,,,,,1.7596406936645508,,,,,,,,,,,,,,,
0,,6299,,,,,,,,,,,,,,,,1.354699969291687,,,,,,,,,,,,,,,
0,,6349,,,,,,,,,,,,,,,,1.1831703186035156,,,,,,,,,,,,,,,
0,,6399,,,,,,,,,,,,,,,,4.175742149353027,,,,,,,,,,,,,,,
0,,6449,,,,,,,,,,,,,,,,21.904619216918945,,,,,,,,,,,,,,,
0,,6499,,,,,,,,,,,,,,,,30.80619239807129,,,,,,,,,,,,,,,
0,,6549,,,,,,,,,,,,,,,,6.533630847930908,,,,,,,,,,,,,,,
0,,6599,,,,,,,,,,,,,,,,3.1246578693389893,,,,,,,,,,,,,,,
0,,6649,,,,,,,,,,,,,,,,2.875135660171509,,,,,,,,,,,,,,,
0,,6699,,,,,,,,,,,,,,,,1.2846832275390625,,,,,,,,,,,,,,,
0,,6749,,,,,,,,,,,,,,,,2.0433106422424316,,,,,,,,,,,,,,,
0,,6799,,,,,,,,,,,,,,,,1.0789316892623901,,,,,,,,,,,,,,,
0,,6849,,,,,,,,,,,,,,,,1.2235584259033203,,,,,,,,,,,,,,,
0,,6899,,,,,,,,,,,,,,,,4.264221668243408,,,,,,,,,,,,,,,
0,,6949,,,,,,,,,,,,,,,,1.665229320526123,,,,,,,,,,,,,,,
0,,6999,,,,,,,,,,,,,,,,1.2120509147644043,,,,,,,,,,,,,,,
0,,7049,,,,,,,,,,,,,,,,1.2148551940917969,,,,,,,,,,,,,,,
0,,7099,,,,,,,,,,,,,,,,1.030515432357788,,,,,,,,,,,,,,,
0,,7149,,,,,,,,,,,,,,,,0.9797961711883545,,,,,,,,,,,,,,,
0,,7199,,,,,,,,,,,,,,,,0.9937675595283508,,,,,,,,,,,,,,,
0,,7249,,,,,,,,,,,,,,,,1.774462342262268,,,,,,,,,,,,,,,
0,,7299,,,,,,,,,,,,,,,,11.955013275146484,,,,,,,,,,,,,,,
0,,7349,,,,,,,,,,,,,,,,0.7326148152351379,,,,,,,,,,,,,,,
0,,7399,,,,,,,,,,,,,,,,1.612408995628357,,,,,,,,,,,,,,,
0,,7449,,,,,,,,,,,,,,,,0.35503506660461426,,,,,,,,,,,,,,,
0,,7499,,,,,,,,,,,,,,,,0.9580979943275452,,,,,,,,,,,,,,,
0,,7549,,,,,,,,,,,,,,,,1.3644291162490845,,,,,,,,,,,,,,,
0,,7599,,,,,,,,,,,,,,,,1.511254906654358,,,,,,,,,,,,,,,
0,,7649,,,,,,,,,,,,,,,,4.135069370269775,,,,,,,,,,,,,,,
0,,7699,,,,,,,,,,,,,,,,0.9768762588500977,,,,,,,,,,,,,,,
0,,7749,,,,,,,,,,,,,,,,1.4258726835250854,,,,,,,,,,,,,,,
0,,7799,,,,,,,,,,,,,,,,51.86677932739258,,,,,,,,,,,,,,,
0,,7849,,,,,,,,,,,,,,,,1.163216233253479,,,,,,,,,,,,,,,
0,,7899,,,,,,,,,,,,,,,,1.359871745109558,,,,,,,,,,,,,,,
0,,7949,,,,,,,,,,,,,,,,0.9249188899993896,,,,,,,,,,,,,,,
0,,7999,,,,,,,,,,,,,,,,1.211545467376709,,,,,,,,,,,,,,,
0,,8049,,,,,,,,,,,,,,,,31.71549415588379,,,,,,,,,,,,,,,
0,,8099,,,,,,,,,,,,,,,,21.896316528320312,,,,,,,,,,,,,,,
0,,8149,,,,,,,,,,,,,,,,4.270655632019043,,,,,,,,,,,,,,,
0,,8199,,,,,,,,,,,,,,,,3.3854329586029053,,,,,,,,,,,,,,,
0,,8249,,,,,,,,,,,,,,,,2.299210786819458,,,,,,,,,,,,,,,
0,,8299,,,,,,,,,,,,,,,,9.538084983825684,,,,,,,,,,,,,,,
0,,8349,,,,,,,,,,,,,,,,8.80184268951416,,,,,,,,,,,,,,,
0,,8399,,,,,,,,,,,,,,,,2.59370493888855,,,,,,,,,,,,,,,
0,,8449,,,,,,,,,,,,,,,,4.151403903961182,,,,,,,,,,,,,,,
0,,8499,,,,,,,,,,,,,,,,176.4648895263672,,,,,,,,,,,,,,,
0,,8549,,,,,,,,,,,,,,,,0.3187876045703888,,,,,,,,,,,,,,,
0,,8599,,,,,,,,,,,,,,,,41.85807418823242,,,,,,,,,,,,,,,
0,,8649,,,,,,,,,,,,,,,,401.0306091308594,,,,,,,,,,,,,,,
0,,8699,,,,,,,,,,,,,,,,4.789068222045898,,,,,,,,,,,,,,,
0,,8749,,,,,,,,,,,,,,,,3.1513922214508057,,,,,,,,,,,,,,,
0,,8799,,,,,,,,,,,,,,,,1.1166080236434937,,,,,,,,,,,,,,,
0,,8849,,,,,,,,,,,,,,,,1.151828646659851,,,,,,,,,,,,,,,
0,,8899,,,,,,,,,,,,,,,,11.239018440246582,,,,,,,,,,,,,,,
0,,8949,,,,,,,,,,,,,,,,3.115325927734375,,,,,,,,,,,,,,,
0,,8999,,,,,,,,,,,,,,,,1.771436333656311,,,,,,,,,,,,,,,
0,,9049,,,,,,,,,,,,,,,,1.636427402496338,,,,,,,,,,,,,,,
0,,9099,,,,,,,,,,,,,,,,1.8603044748306274,,,,,,,,,,,,,,,
0,,9132,,,,,,,,,,,,,,,,,94164.7890625,9.593899726867676,6.500370025634766,1.1256086826324463,2.261209011077881,3.5385427474975586,2.019519329071045,2.990119695663452,23.931772232055664,3.7963707447052,9.866150856018066,11.952115058898926,29.02688217163086,4.2715935707092285,37.94929122924805
,0.001,9133,,,,,,,,,,,,,,,,,,,,,,,,,,,,,,,
1,,9149,,,,,,,,,,,,,,,,576260.0625,,,,,,,,,,,,,,,
1,,9199,,,,,,,,,,,,,,,,3971.403564453125,,,,,,,,,,,,,,,
1,,9249,,,,,,,,,,,,,,,,406.3907165527344,,,,,,,,,,,,,,,
1,,9299,,,,,,,,,,,,,,,,56.60124206542969,,,,,,,,,,,,,,,
1,,9349,,,,,,,,,,,,,,,,89746.2421875,,,,,,,,,,,,,,,
1,,9399,,,,,,,,,,,,,,,,79671.046875,,,,,,,,,,,,,,,
1,,9449,,,,,,,,,,,,,,,,56.505828857421875,,,,,,,,,,,,,,,
1,,9499,,,,,,,,,,,,,,,,48.426239013671875,,,,,,,,,,,,,,,
1,,9549,,,,,,,,,,,,,,,,42.850833892822266,,,,,,,,,,,,,,,
1,,9599,,,,,,,,,,,,,,,,42.03602600097656,,,,,,,,,,,,,,,
1,,9649,,,,,,,,,,,,,,,,19.91796875,,,,,,,,,,,,,,,
1,,9699,,,,,,,,,,,,,,,,10.293233871459961,,,,,,,,,,,,,,,
1,,9749,,,,,,,,,,,,,,,,13.402026176452637,,,,,,,,,,,,,,,
1,,9799,,,,,,,,,,,,,,,,10.536494255065918,,,,,,,,,,,,,,,
1,,9849,,,,,,,,,,,,,,,,3.038569211959839,,,,,,,,,,,,,,,
1,,9899,,,,,,,,,,,,,,,,7.037039279937744,,,,,,,,,,,,,,,
1,,9949,,,,,,,,,,,,,,,,5.05562162399292,,,,,,,,,,,,,,,
1,,9999,,,,,,,,,,,,,,,,3.4641144275665283,,,,,,,,,,,,,,,
1,,10049,,,,,,,,,,,,,,,,1.6616463661193848,,,,,,,,,,,,,,,
1,,10099,,,,,,,,,,,,,,,,3.5358550548553467,,,,,,,,,,,,,,,
1,,10149,,,,,,,,,,,,,,,,3.4027607440948486,,,,,,,,,,,,,,,
1,,10199,,,,,,,,,,,,,,,,2.676692008972168,,,,,,,,,,,,,,,
1,,10249,,,,,,,,,,,,,,,,5.1697869300842285,,,,,,,,,,,,,,,
1,,10299,,,,,,,,,,,,,,,,4.854719638824463,,,,,,,,,,,,,,,
1,,10349,,,,,,,,,,,,,,,,4.775309085845947,,,,,,,,,,,,,,,
1,,10399,,,,,,,,,,,,,,,,3.2072763442993164,,,,,,,,,,,,,,,
1,,10449,,,,,,,,,,,,,,,,2.4166808128356934,,,,,,,,,,,,,,,
1,,10499,,,,,,,,,,,,,,,,4.035669326782227,,,,,,,,,,,,,,,
1,,10549,,,,,,,,,,,,,,,,45.45961380004883,,,,,,,,,,,,,,,
1,,10599,,,,,,,,,,,,,,,,7.036380767822266,,,,,,,,,,,,,,,
1,,10649,,,,,,,,,,,,,,,,7.182126998901367,,,,,,,,,,,,,,,
1,,10699,,,,,,,,,,,,,,,,6.645366668701172,,,,,,,,,,,,,,,
1,,10749,,,,,,,,,,,,,,,,2.5122225284576416,,,,,,,,,,,,,,,
1,,10799,,,,,,,,,,,,,,,,3.3500068187713623,,,,,,,,,,,,,,,
1,,10849,,,,,,,,,,,,,,,,16.079967498779297,,,,,,,,,,,,,,,
1,,10899,,,,,,,,,,,,,,,,2.9653990268707275,,,,,,,,,,,,,,,
1,,10949,,,,,,,,,,,,,,,,3.5104739665985107,,,,,,,,,,,,,,,
1,,10999,,,,,,,,,,,,,,,,3.4565391540527344,,,,,,,,,,,,,,,
1,,11049,,,,,,,,,,,,,,,,4.543857097625732,,,,,,,,,,,,,,,
1,,11099,,,,,,,,,,,,,,,,3.802654981613159,,,,,,,,,,,,,,,
1,,11149,,,,,,,,,,,,,,,,3.1685869693756104,,,,,,,,,,,,,,,
1,,11199,,,,,,,,,,,,,,,,3.6479432582855225,,,,,,,,,,,,,,,
1,,11249,,,,,,,,,,,,,,,,4.543413162231445,,,,,,,,,,,,,,,
1,,11299,,,,,,,,,,,,,,,,4.9507060050964355,,,,,,,,,,,,,,,
1,,11349,,,,,,,,,,,,,,,,3.6450624465942383,,,,,,,,,,,,,,,
1,,11399,,,,,,,,,,,,,,,,3.6139612197875977,,,,,,,,,,,,,,,
1,,11449,,,,,,,,,,,,,,,,2.868659257888794,,,,,,,,,,,,,,,
1,,11499,,,,,,,,,,,,,,,,17.11186408996582,,,,,,,,,,,,,,,
1,,11549,,,,,,,,,,,,,,,,19.526987075805664,,,,,,,,,,,,,,,
1,,11599,,,,,,,,,,,,,,,,2.868546485900879,,,,,,,,,,,,,,,
1,,11649,,,,,,,,,,,,,,,,1.810868740081787,,,,,,,,,,,,,,,
1,,11699,,,,,,,,,,,,,,,,2.0586540699005127,,,,,,,,,,,,,,,
1,,11749,,,,,,,,,,,,,,,,1.7399650812149048,,,,,,,,,,,,,,,
1,,11799,,,,,,,,,,,,,,,,2.427011251449585,,,,,,,,,,,,,,,
1,,11849,,,,,,,,,,,,,,,,1.881165862083435,,,,,,,,,,,,,,,
1,,11899,,,,,,,,,,,,,,,,2.582063913345337,,,,,,,,,,,,,,,
1,,11949,,,,,,,,,,,,,,,,48.602718353271484,,,,,,,,,,,,,,,
1,,11999,,,,,,,,,,,,,,,,3.4717438220977783,,,,,,,,,,,,,,,
1,,12049,,,,,,,,,,,,,,,,5.428946018218994,,,,,,,,,,,,,,,
1,,12099,,,,,,,,,,,,,,,,2.8520100116729736,,,,,,,,,,,,,,,
1,,12149,,,,,,,,,,,,,,,,7.928036212921143,,,,,,,,,,,,,,,
1,,12199,,,,,,,,,,,,,,,,2.2143547534942627,,,,,,,,,,,,,,,
1,,12249,,,,,,,,,,,,,,,,1.4055980443954468,,,,,,,,,,,,,,,
1,,12299,,,,,,,,,,,,,,,,2.9951393604278564,,,,,,,,,,,,,,,
1,,12349,,,,,,,,,,,,,,,,11.949938774108887,,,,,,,,,,,,,,,
1,,12399,,,,,,,,,,,,,,,,28.487680435180664,,,,,,,,,,,,,,,
1,,12449,,,,,,,,,,,,,,,,1.2746495008468628,,,,,,,,,,,,,,,
1,,12499,,,,,,,,,,,,,,,,1.624651312828064,,,,,,,,,,,,,,,
1,,12549,,,,,,,,,,,,,,,,2.7412683963775635,,,,,,,,,,,,,,,
1,,12599,,,,,,,,,,,,,,,,5.412081241607666,,,,,,,,,,,,,,,
1,,12649,,,,,,,,,,,,,,,,2.72790265083313,,,,,,,,,,,,,,,
1,,12699,,,,,,,,,,,,,,,,19.137678146362305,,,,,,,,,,,,,,,
1,,12749,,,,,,,,,,,,,,,,57.33729934692383,,,,,,,,,,,,,,,
1,,12799,,,,,,,,,,,,,,,,3.144831657409668,,,,,,,,,,,,,,,
1,,12849,,,,,,,,,,,,,,,,6.51865816116333,,,,,,,,,,,,,,,
1,,12899,,,,,,,,,,,,,,,,4.739935398101807,,,,,,,,,,,,,,,
1,,12949,,,,,,,,,,,,,,,,4.7430949211120605,,,,,,,,,,,,,,,
1,,12999,,,,,,,,,,,,,,,,4.860124588012695,,,,,,,,,,,,,,,
1,,13049,,,,,,,,,,,,,,,,4.901368618011475,,,,,,,,,,,,,,,
1,,13099,,,,,,,,,,,,,,,,4.912405014038086,,,,,,,,,,,,,,,
1,,13149,,,,,,,,,,,,,,,,7.9371562004089355,,,,,,,,,,,,,,,
1,,13199,,,,,,,,,,,,,,,,3.920975685119629,,,,,,,,,,,,,,,
1,,13249,,,,,,,,,,,,,,,,6.219083309173584,,,,,,,,,,,,,,,
1,,13299,,,,,,,,,,,,,,,,6.388732433319092,,,,,,,,,,,,,,,
1,,13349,,,,,,,,,,,,,,,,2.1570563316345215,,,,,,,,,,,,,,,
1,,13399,,,,,,,,,,,,,,,,2.5722386837005615,,,,,,,,,,,,,,,
1,,13449,,,,,,,,,,,,,,,,3.7526838779449463,,,,,,,,,,,,,,,
1,,13499,,,,,,,,,,,,,,,,3.2869386672973633,,,,,,,,,,,,,,,
1,,13549,,,,,,,,,,,,,,,,15.964503288269043,,,,,,,,,,,,,,,
1,,13599,,,,,,,,,,,,,,,,4.366483211517334,,,,,,,,,,,,,,,
1,,13649,,,,,,,,,,,,,,,,8.238349914550781,,,,,,,,,,,,,,,
1,,13699,,,,,,,,,,,,,,,,3.6343448162078857,,,,,,,,,,,,,,,
1,,13749,,,,,,,,,,,,,,,,3.9750773906707764,,,,,,,,,,,,,,,
1,,13799,,,,,,,,,,,,,,,,4.229051113128662,,,,,,,,,,,,,,,
1,,13849,,,,,,,,,,,,,,,,5.615848064422607,,,,,,,,,,,,,,,
1,,13899,,,,,,,,,,,,,,,,2.6987006664276123,,,,,,,,,,,,,,,
1,,13949,,,,,,,,,,,,,,,,1.5074807405471802,,,,,,,,,,,,,,,
1,,13999,,,,,,,,,,,,,,,,2.5642740726470947,,,,,,,,,,,,,,,
1,,14049,,,,,,,,,,,,,,,,2.313342809677124,,,,,,,,,,,,,,,
1,,14099,,,,,,,,,,,,,,,,2.81400465965271,,,,,,,,,,,,,,,
1,,14149,,,,,,,,,,,,,,,,5.55376672744751,,,,,,,,,,,,,,,
1,,14199,,,,,,,,,,,,,,,,5.373697280883789,,,,,,,,,,,,,,,
1,,14249,,,,,,,,,,,,,,,,2.401883840560913,,,,,,,,,,,,,,,
1,,14299,,,,,,,,,,,,,,,,2.52237868309021,,,,,,,,,,,,,,,
1,,14349,,,,,,,,,,,,,,,,3.768312692642212,,,,,,,,,,,,,,,
1,,14399,,,,,,,,,,,,,,,,3.0862913131713867,,,,,,,,,,,,,,,
1,,14449,,,,,,,,,,,,,,,,1.6158565282821655,,,,,,,,,,,,,,,
1,,14499,,,,,,,,,,,,,,,,4.387465953826904,,,,,,,,,,,,,,,
1,,14549,,,,,,,,,,,,,,,,1.9227813482284546,,,,,,,,,,,,,,,
1,,14599,,,,,,,,,,,,,,,,4.493563175201416,,,,,,,,,,,,,,,
1,,14649,,,,,,,,,,,,,,,,2.2248804569244385,,,,,,,,,,,,,,,
1,,14699,,,,,,,,,,,,,,,,2.4117212295532227,,,,,,,,,,,,,,,
1,,14749,,,,,,,,,,,,,,,,3.10699462890625,,,,,,,,,,,,,,,
1,,14799,,,,,,,,,,,,,,,,2.7269256114959717,,,,,,,,,,,,,,,
1,,14849,,,,,,,,,,,,,,,,29.101877212524414,,,,,,,,,,,,,,,
1,,14899,,,,,,,,,,,,,,,,7.988741397857666,,,,,,,,,,,,,,,
1,,14949,,,,,,,,,,,,,,,,4.002737045288086,,,,,,,,,,,,,,,
1,,14999,,,,,,,,,,,,,,,,4.244415760040283,,,,,,,,,,,,,,,
1,,15049,,,,,,,,,,,,,,,,2.9856154918670654,,,,,,,,,,,,,,,
1,,15099,,,,,,,,,,,,,,,,3.8903682231903076,,,,,,,,,,,,,,,
1,,15149,,,,,,,,,,,,,,,,2.690277099609375,,,,,,,,,,,,,,,
1,,15199,,,,,,,,,,,,,,,,3.4556849002838135,,,,,,,,,,,,,,,
1,,15249,,,,,,,,,,,,,,,,1.80800199508667,,,,,,,,,,,,,,,
1,,15299,,,,,,,,,,,,,,,,3.320145845413208,,,,,,,,,,,,,,,
1,,15349,,,,,,,,,,,,,,,,5.651282787322998,,,,,,,,,,,,,,,
1,,15399,,,,,,,,,,,,,,,,1.8401756286621094,,,,,,,,,,,,,,,
1,,15449,,,,,,,,,,,,,,,,1.381984829902649,,,,,,,,,,,,,,,
1,,15499,,,,,,,,,,,,,,,,1.9723957777023315,,,,,,,,,,,,,,,
1,,15549,,,,,,,,,,,,,,,,21.116256713867188,,,,,,,,,,,,,,,
1,,15599,,,,,,,,,,,,,,,,65.7555160522461,,,,,,,,,,,,,,,
1,,15649,,,,,,,,,,,,,,,,1.9087625741958618,,,,,,,,,,,,,,,
1,,15699,,,,,,,,,,,,,,,,1.3609026670455933,,,,,,,,,,,,,,,
1,,15749,,,,,,,,,,,,,,,,6.3979949951171875,,,,,,,,,,,,,,,
1,,15799,,,,,,,,,,,,,,,,4.462311744689941,,,,,,,,,,,,,,,
1,,15849,,,,,,,,,,,,,,,,3.0514705181121826,,,,,,,,,,,,,,,
1,,15899,,,,,,,,,,,,,,,,2.471755266189575,,,,,,,,,,,,,,,
1,,15949,,,,,,,,,,,,,,,,2.534924268722534,,,,,,,,,,,,,,,
1,,15999,,,,,,,,,,,,,,,,5.618930816650391,,,,,,,,,,,,,,,
1,,16049,,,,,,,,,,,,,,,,2.9121482372283936,,,,,,,,,,,,,,,
1,,16099,,,,,,,,,,,,,,,,4.769986629486084,,,,,,,,,,,,,,,
1,,16149,,,,,,,,,,,,,,,,3.227557897567749,,,,,,,,,,,,,,,
1,,16199,,,,,,,,,,,,,,,,7.891732692718506,,,,,,,,,,,,,,,
1,,16249,,,,,,,,,,,,,,,,3.271610975265503,,,,,,,,,,,,,,,
1,,16299,,,,,,,,,,,,,,,,3.4946224689483643,,,,,,,,,,,,,,,
1,,16349,,,,,,,,,,,,,,,,74.44466400146484,,,,,,,,,,,,,,,
1,,16399,,,,,,,,,,,,,,,,3.75299072265625,,,,,,,,,,,,,,,
1,,16449,,,,,,,,,,,,,,,,2.817512273788452,,,,,,,,,,,,,,,
1,,16499,,,,,,,,,,,,,,,,3.499220848083496,,,,,,,,,,,,,,,
1,,16549,,,,,,,,,,,,,,,,3.764702081680298,,,,,,,,,,,,,,,
1,,16599,,,,,,,,,,,,,,,,1.5366941690444946,,,,,,,,,,,,,,,
1,,16649,,,,,,,,,,,,,,,,2.067340850830078,,,,,,,,,,,,,,,
1,,16699,,,,,,,,,,,,,,,,8.444908142089844,,,,,,,,,,,,,,,
1,,16749,,,,,,,,,,,,,,,,4.176616191864014,,,,,,,,,,,,,,,
1,,16799,,,,,,,,,,,,,,,,17.545347213745117,,,,,,,,,,,,,,,
1,,16849,,,,,,,,,,,,,,,,2.4196321964263916,,,,,,,,,,,,,,,
1,,16899,,,,,,,,,,,,,,,,3.2140519618988037,,,,,,,,,,,,,,,
1,,16949,,,,,,,,,,,,,,,,5.138020038604736,,,,,,,,,,,,,,,
1,,16999,,,,,,,,,,,,,,,,3.0753018856048584,,,,,,,,,,,,,,,
1,,17049,,,,,,,,,,,,,,,,2.792142868041992,,,,,,,,,,,,,,,
1,,17099,,,,,,,,,,,,,,,,3.8803608417510986,,,,,,,,,,,,,,,
1,,17149,,,,,,,,,,,,,,,,45.36014938354492,,,,,,,,,,,,,,,
1,,17199,,,,,,,,,,,,,,,,3.6736466884613037,,,,,,,,,,,,,,,
1,,17249,,,,,,,,,,,,,,,,5.627694606781006,,,,,,,,,,,,,,,
1,,17299,,,,,,,,,,,,,,,,3.9199934005737305,,,,,,,,,,,,,,,
1,,17349,,,,,,,,,,,,,,,,4.221096515655518,,,,,,,,,,,,,,,
1,,17399,,,,,,,,,,,,,,,,4.516303539276123,,,,,,,,,,,,,,,
1,,17449,,,,,,,,,,,,,,,,4.570011138916016,,,,,,,,,,,,,,,
1,,17499,,,,,,,,,,,,,,,,4.304232120513916,,,,,,,,,,,,,,,
1,,17549,,,,,,,,,,,,,,,,1.5551023483276367,,,,,,,,,,,,,,,
1,,17599,,,,,,,,,,,,,,,,3.6146938800811768,,,,,,,,,,,,,,,
1,,17649,,,,,,,,,,,,,,,,3.580629348754883,,,,,,,,,,,,,,,
1,,17699,,,,,,,,,,,,,,,,8.610363960266113,,,,,,,,,,,,,,,
1,,17749,,,,,,,,,,,,,,,,27.607656478881836,,,,,,,,,,,,,,,
1,,17799,,,,,,,,,,,,,,,,46.49831008911133,,,,,,,,,,,,,,,
1,,17849,,,,,,,,,,,,,,,,5.671169757843018,,,,,,,,,,,,,,,
1,,17899,,,,,,,,,,,,,,,,3.475844621658325,,,,,,,,,,,,,,,
1,,17949,,,,,,,,,,,,,,,,4.970086574554443,,,,,,,,,,,,,,,
1,,17999,,,,,,,,,,,,,,,,1.5515575408935547,,,,,,,,,,,,,,,
1,,18049,,,,,,,,,,,,,,,,6.311521053314209,,,,,,,,,,,,,,,
1,,18099,,,,,,,,,,,,,,,,3.21596622467041,,,,,,,,,,,,,,,
1,,18149,,,,,,,,,,,,,,,,3.0231268405914307,,,,,,,,,,,,,,,
1,,18199,,,,,,,,,,,,,,,,3.447543144226074,,,,,,,,,,,,,,,
1,,18249,,,,,,,,,,,,,,,,5.29936408996582,,,,,,,,,,,,,,,
1,,18265,,,,,,,,,,,,,,,,,94450.65625,9.936002731323242,7.728172779083252,1.5637314319610596,2.464632749557495,3.1168370246887207,1.7601072788238525,2.6375246047973633,30.702211380004883,4.7910261154174805,10.853625297546387,12.918323516845703,41.45750427246094,5.6616692543029785,42.91101837158203
,0.001,18266,,,,,,,,,,,,,,,,,,,,,,,,,,,,,,,
2,,18299,,,,,,,,,,,,,,,,122778.5625,,,,,,,,,,,,,,,
2,,18349,,,,,,,,,,,,,,,,76768.6796875,,,,,,,,,,,,,,,
2,,18399,,,,,,,,,,,,,,,,16109.2578125,,,,,,,,,,,,,,,
2,,18449,,,,,,,,,,,,,,,,40617.62109375,,,,,,,,,,,,,,,
2,,18499,,,,,,,,,,,,,,,,65.89014434814453,,,,,,,,,,,,,,,
2,,18549,,,,,,,,,,,,,,,,49.265533447265625,,,,,,,,,,,,,,,
2,,18599,,,,,,,,,,,,,,,,44.96724319458008,,,,,,,,,,,,,,,
2,,18649,,,,,,,,,,,,,,,,510.5096740722656,,,,,,,,,,,,,,,
2,,18699,,,,,,,,,,,,,,,,14.306855201721191,,,,,,,,,,,,,,,
2,,18749,,,,,,,,,,,,,,,,10.912074089050293,,,,,,,,,,,,,,,
2,,18799,,,,,,,,,,,,,,,,14.049654960632324,,,,,,,,,,,,,,,
2,,18849,,,,,,,,,,,,,,,,8.087457656860352,,,,,,,,,,,,,,,
2,,18899,,,,,,,,,,,,,,,,6.364728927612305,,,,,,,,,,,,,,,
2,,18949,,,,,,,,,,,,,,,,4.815914630889893,,,,,,,,,,,,,,,
2,,18999,,,,,,,,,,,,,,,,21.898653030395508,,,,,,,,,,,,,,,
2,,19049,,,,,,,,,,,,,,,,9.35541820526123,,,,,,,,,,,,,,,
2,,19099,,,,,,,,,,,,,,,,6.45154333114624,,,,,,,,,,,,,,,
2,,19149,,,,,,,,,,,,,,,,12.405072212219238,,,,,,,,,,,,,,,
2,,19199,,,,,,,,,,,,,,,,5.814363479614258,,,,,,,,,,,,,,,
2,,19249,,,,,,,,,,,,,,,,3.169067144393921,,,,,,,,,,,,,,,
2,,19299,,,,,,,,,,,,,,,,6.228714466094971,,,,,,,,,,,,,,,
2,,19349,,,,,,,,,,,,,,,,5.506687164306641,,,,,,,,,,,,,,,
2,,19399,,,,,,,,,,,,,,,,4.060121059417725,,,,,,,,,,,,,,,
2,,19449,,,,,,,,,,,,,,,,23.577224731445312,,,,,,,,,,,,,,,
2,,19499,,,,,,,,,,,,,,,,5.313279628753662,,,,,,,,,,,,,,,
2,,19549,,,,,,,,,,,,,,,,4.27672815322876,,,,,,,,,,,,,,,
2,,19599,,,,,,,,,,,,,,,,3.9933700561523438,,,,,,,,,,,,,,,
2,,19649,,,,,,,,,,,,,,,,4.968188762664795,,,,,,,,,,,,,,,
2,,19699,,,,,,,,,,,,,,,,23.464345932006836,,,,,,,,,,,,,,,
2,,19749,,,,,,,,,,,,,,,,6.790813446044922,,,,,,,,,,,,,,,
2,,19799,,,,,,,,,,,,,,,,5.615512847900391,,,,,,,,,,,,,,,
2,,19849,,,,,,,,,,,,,,,,5.521652698516846,,,,,,,,,,,,,,,
2,,19899,,,,,,,,,,,,,,,,43.85652160644531,,,,,,,,,,,,,,,
2,,19949,,,,,,,,,,,,,,,,4.154284477233887,,,,,,,,,,,,,,,
2,,19999,,,,,,,,,,,,,,,,6.599267482757568,,,,,,,,,,,,,,,
2,,20049,,,,,,,,,,,,,,,,4.918786525726318,,,,,,,,,,,,,,,
2,,20099,,,,,,,,,,,,,,,,2.826261520385742,,,,,,,,,,,,,,,
2,,20149,,,,,,,,,,,,,,,,6.434394836425781,,,,,,,,,,,,,,,
2,,20199,,,,,,,,,,,,,,,,3.8824758529663086,,,,,,,,,,,,,,,
2,,20249,,,,,,,,,,,,,,,,4.283174514770508,,,,,,,,,,,,,,,
2,,20299,,,,,,,,,,,,,,,,3.838052749633789,,,,,,,,,,,,,,,
2,,20349,,,,,,,,,,,,,,,,3.7134056091308594,,,,,,,,,,,,,,,
2,,20399,,,,,,,,,,,,,,,,3.6343395709991455,,,,,,,,,,,,,,,
2,,20449,,,,,,,,,,,,,,,,4.426502704620361,,,,,,,,,,,,,,,
2,,20499,,,,,,,,,,,,,,,,3.6693599224090576,,,,,,,,,,,,,,,
2,,20549,,,,,,,,,,,,,,,,1.874057650566101,,,,,,,,,,,,,,,
2,,20599,,,,,,,,,,,,,,,,3.27886962890625,,,,,,,,,,,,,,,
2,,20649,,,,,,,,,,,,,,,,2.896056890487671,,,,,,,,,,,,,,,
2,,20699,,,,,,,,,,,,,,,,3.329374074935913,,,,,,,,,,,,,,,
2,,20749,,,,,,,,,,,,,,,,2.548952102661133,,,,,,,,,,,,,,,
2,,20799,,,,,,,,,,,,,,,,2.954340934753418,,,,,,,,,,,,,,,
2,,20849,,,,,,,,,,,,,,,,3.8047335147857666,,,,,,,,,,,,,,,
2,,20899,,,,,,,,,,,,,,,,2.6316888332366943,,,,,,,,,,,,,,,
2,,20949,,,,,,,,,,,,,,,,2.4028356075286865,,,,,,,,,,,,,,,
2,,20999,,,,,,,,,,,,,,,,3.2656805515289307,,,,,,,,,,,,,,,
2,,21049,,,,,,,,,,,,,,,,50.37197494506836,,,,,,,,,,,,,,,
2,,21099,,,,,,,,,,,,,,,,94.04891204833984,,,,,,,,,,,,,,,
2,,21149,,,,,,,,,,,,,,,,3.9927823543548584,,,,,,,,,,,,,,,
2,,21199,,,,,,,,,,,,,,,,3.726182222366333,,,,,,,,,,,,,,,
2,,21249,,,,,,,,,,,,,,,,3.7601730823516846,,,,,,,,,,,,,,,
2,,21299,,,,,,,,,,,,,,,,10.092500686645508,,,,,,,,,,,,,,,
2,,21349,,,,,,,,,,,,,,,,1.8151267766952515,,,,,,,,,,,,,,,
2,,21399,,,,,,,,,,,,,,,,14.05062484741211,,,,,,,,,,,,,,,
2,,21449,,,,,,,,,,,,,,,,5.548585891723633,,,,,,,,,,,,,,,
2,,21499,,,,,,,,,,,,,,,,3.9127302169799805,,,,,,,,,,,,,,,
2,,21549,,,,,,,,,,,,,,,,2.0466485023498535,,,,,,,,,,,,,,,
2,,21599,,,,,,,,,,,,,,,,1.5679682493209839,,,,,,,,,,,,,,,
2,,21649,,,,,,,,,,,,,,,,1.2370449304580688,,,,,,,,,,,,,,,
2,,21699,,,,,,,,,,,,,,,,2.05873966217041,,,,,,,,,,,,,,,
2,,21749,,,,,,,,,,,,,,,,1.3263298273086548,,,,,,,,,,,,,,,
2,,21799,,,,,,,,,,,,,,,,1.5301655530929565,,,,,,,,,,,,,,,
2,,21849,,,,,,,,,,,,,,,,10.858318328857422,,,,,,,,,,,,,,,
2,,21899,,,,,,,,,,,,,,,,66.94137573242188,,,,,,,,,,,,,,,
2,,21949,,,,,,,,,,,,,,,,6.699409484863281,,,,,,,,,,,,,,,
2,,21999,,,,,,,,,,,,,,,,12.18306827545166,,,,,,,,,,,,,,,
2,,22049,,,,,,,,,,,,,,,,9.994917869567871,,,,,,,,,,,,,,,
2,,22099,,,,,,,,,,,,,,,,4.024082660675049,,,,,,,,,,,,,,,
2,,22149,,,,,,,,,,,,,,,,2.5399959087371826,,,,,,,,,,,,,,,
2,,22199,,,,,,,,,,,,,,,,2.60979962348938,,,,,,,,,,,,,,,
2,,22249,,,,,,,,,,,,,,,,3.0720341205596924,,,,,,,,,,,,,,,
2,,22299,,,,,,,,,,,,,,,,3.881683349609375,,,,,,,,,,,,,,,
2,,22349,,,,,,,,,,,,,,,,5.262547016143799,,,,,,,,,,,,,,,
2,,22399,,,,,,,,,,,,,,,,3.563640594482422,,,,,,,,,,,,,,,
2,,22449,,,,,,,,,,,,,,,,3.14471435546875,,,,,,,,,,,,,,,
2,,22499,,,,,,,,,,,,,,,,3.800950050354004,,,,,,,,,,,,,,,
2,,22549,,,,,,,,,,,,,,,,11.175171852111816,,,,,,,,,,,,,,,
2,,22599,,,,,,,,,,,,,,,,23.68937873840332,,,,,,,,,,,,,,,
2,,22649,,,,,,,,,,,,,,,,3.3810205459594727,,,,,,,,,,,,,,,
2,,22699,,,,,,,,,,,,,,,,8.080503463745117,,,,,,,,,,,,,,,
2,,22749,,,,,,,,,,,,,,,,2.6175737380981445,,,,,,,,,,,,,,,
2,,22799,,,,,,,,,,,,,,,,2.234982967376709,,,,,,,,,,,,,,,
2,,22849,,,,,,,,,,,,,,,,6.104106426239014,,,,,,,,,,,,,,,
2,,22899,,,,,,,,,,,,,,,,1.233855128288269,,,,,,,,,,,,,,,
2,,22949,,,,,,,,,,,,,,,,1.4488705396652222,,,,,,,,,,,,,,,
2,,22999,,,,,,,,,,,,,,,,9.130264282226562,,,,,,,,,,,,,,,
2,,23049,,,,,,,,,,,,,,,,4.806283473968506,,,,,,,,,,,,,,,
2,,23099,,,,,,,,,,,,,,,,3.575895071029663,,,,,,,,,,,,,,,
2,,23149,,,,,,,,,,,,,,,,4.839332580566406,,,,,,,,,,,,,,,
2,,23199,,,,,,,,,,,,,,,,3.2614457607269287,,,,,,,,,,,,,,,
2,,23249,,,,,,,,,,,,,,,,2.6662614345550537,,,,,,,,,,,,,,,
2,,23299,,,,,,,,,,,,,,,,1.4270557165145874,,,,,,,,,,,,,,,
2,,23349,,,,,,,,,,,,,,,,3.0750763416290283,,,,,,,,,,,,,,,
2,,23399,,,,,,,,,,,,,,,,2.964128255844116,,,,,,,,,,,,,,,
2,,23449,,,,,,,,,,,,,,,,5.192800045013428,,,,,,,,,,,,,,,
2,,23499,,,,,,,,,,,,,,,,8.417652130126953,,,,,,,,,,,,,,,
2,,23549,,,,,,,,,,,,,,,,3.7958080768585205,,,,,,,,,,,,,,,
2,,23599,,,,,,,,,,,,,,,,2.678685188293457,,,,,,,,,,,,,,,
2,,23649,,,,,,,,,,,,,,,,5.798959732055664,,,,,,,,,,,,,,,
2,,23699,,,,,,,,,,,,,,,,3.4594061374664307,,,,,,,,,,,,,,,
2,,23749,,,,,,,,,,,,,,,,3.92087459564209,,,,,,,,,,,,,,,
2,,23799,,,,,,,,,,,,,,,,1.6476370096206665,,,,,,,,,,,,,,,
2,,23849,,,,,,,,,,,,,,,,3.727093458175659,,,,,,,,,,,,,,,
2,,23899,,,,,,,,,,,,,,,,5.017674922943115,,,,,,,,,,,,,,,
2,,23949,,,,,,,,,,,,,,,,1.5997916460037231,,,,,,,,,,,,,,,
2,,23999,,,,,,,,,,,,,,,,2.773851156234741,,,,,,,,,,,,,,,
2,,24049,,,,,,,,,,,,,,,,4.227190017700195,,,,,,,,,,,,,,,
2,,24099,,,,,,,,,,,,,,,,4.454479217529297,,,,,,,,,,,,,,,
2,,24149,,,,,,,,,,,,,,,,5.8344855308532715,,,,,,,,,,,,,,,
2,,24199,,,,,,,,,,,,,,,,2.6093990802764893,,,,,,,,,,,,,,,
2,,24249,,,,,,,,,,,,,,,,3.630770444869995,,,,,,,,,,,,,,,
2,,24299,,,,,,,,,,,,,,,,3.4530067443847656,,,,,,,,,,,,,,,
2,,24349,,,,,,,,,,,,,,,,3.303169012069702,,,,,,,,,,,,,,,
2,,24399,,,,,,,,,,,,,,,,2.6678972244262695,,,,,,,,,,,,,,,
2,,24449,,,,,,,,,,,,,,,,2.191603422164917,,,,,,,,,,,,,,,
2,,24499,,,,,,,,,,,,,,,,5.27285623550415,,,,,,,,,,,,,,,
2,,24549,,,,,,,,,,,,,,,,1.5613206624984741,,,,,,,,,,,,,,,
2,,24599,,,,,,,,,,,,,,,,1.9506160020828247,,,,,,,,,,,,,,,
2,,24649,,,,,,,,,,,,,,,,2.8456649780273438,,,,,,,,,,,,,,,
2,,24699,,,,,,,,,,,,,,,,22.11962127685547,,,,,,,,,,,,,,,
2,,24749,,,,,,,,,,,,,,,,61.87089920043945,,,,,,,,,,,,,,,
2,,24799,,,,,,,,,,,,,,,,2.3409790992736816,,,,,,,,,,,,,,,
2,,24849,,,,,,,,,,,,,,,,5.044037342071533,,,,,,,,,,,,,,,
2,,24899,,,,,,,,,,,,,,,,3.404891014099121,,,,,,,,,,,,,,,
2,,24949,,,,,,,,,,,,,,,,3.0204086303710938,,,,,,,,,,,,,,,
2,,24999,,,,,,,,,,,,,,,,1.9553719758987427,,,,,,,,,,,,,,,
2,,25049,,,,,,,,,,,,,,,,4.397615909576416,,,,,,,,,,,,,,,
2,,25099,,,,,,,,,,,,,,,,2.045315980911255,,,,,,,,,,,,,,,
2,,25149,,,,,,,,,,,,,,,,2.7477540969848633,,,,,,,,,,,,,,,
2,,25199,,,,,,,,,,,,,,,,2.6794025897979736,,,,,,,,,,,,,,,
2,,25249,,,,,,,,,,,,,,,,2.9754183292388916,,,,,,,,,,,,,,,
2,,25299,,,,,,,,,,,,,,,,1.950567603111267,,,,,,,,,,,,,,,
2,,25349,,,,,,,,,,,,,,,,2.639693021774292,,,,,,,,,,,,,,,
2,,25399,,,,,,,,,,,,,,,,2.5178544521331787,,,,,,,,,,,,,,,
2,,25449,,,,,,,,,,,,,,,,1.452354073524475,,,,,,,,,,,,,,,
2,,25499,,,,,,,,,,,,,,,,3.6799535751342773,,,,,,,,,,,,,,,
2,,25549,,,,,,,,,,,,,,,,3.33538818359375,,,,,,,,,,,,,,,
2,,25599,,,,,,,,,,,,,,,,4.715362548828125,,,,,,,,,,,,,,,
2,,25649,,,,,,,,,,,,,,,,2.323090076446533,,,,,,,,,,,,,,,
2,,25699,,,,,,,,,,,,,,,,1.5979012250900269,,,,,,,,,,,,,,,
2,,25749,,,,,,,,,,,,,,,,2.8860089778900146,,,,,,,,,,,,,,,
2,,25799,,,,,,,,,,,,,,,,3.3944690227508545,,,,,,,,,,,,,,,
2,,25849,,,,,,,,,,,,,,,,3.8417017459869385,,,,,,,,,,,,,,,
2,,25899,,,,,,,,,,,,,,,,4.778406620025635,,,,,,,,,,,,,,,
2,,25949,,,,,,,,,,,,,,,,2.1594078540802,,,,,,,,,,,,,,,
2,,25999,,,,,,,,,,,,,,,,3.30204176902771,,,,,,,,,,,,,,,
2,,26049,,,,,,,,,,,,,,,,42.86848068237305,,,,,,,,,,,,,,,
2,,26099,,,,,,,,,,,,,,,,4.169740676879883,,,,,,,,,,,,,,,
2,,26149,,,,,,,,,,,,,,,,2.9158546924591064,,,,,,,,,,,,,,,
2,,26199,,,,,,,,,,,,,,,,4.872434139251709,,,,,,,,,,,,,,,
2,,26249,,,,,,,,,,,,,,,,2.025618553161621,,,,,,,,,,,,,,,
2,,26299,,,,,,,,,,,,,,,,73.73788452148438,,,,,,,,,,,,,,,
2,,26349,,,,,,,,,,,,,,,,58.2752685546875,,,,,,,,,,,,,,,
2,,26399,,,,,,,,,,,,,,,,6.656101226806641,,,,,,,,,,,,,,,
2,,26449,,,,,,,,,,,,,,,,5.130415439605713,,,,,,,,,,,,,,,
2,,26499,,,,,,,,,,,,,,,,3.5478858947753906,,,,,,,,,,,,,,,
2,,26549,,,,,,,,,,,,,,,,3.537165641784668,,,,,,,,,,,,,,,
2,,26599,,,,,,,,,,,,,,,,4.166783332824707,,,,,,,,,,,,,,,
2,,26649,,,,,,,,,,,,,,,,2.6678664684295654,,,,,,,,,,,,,,,
2,,26699,,,,,,,,,,,,,,,,0.9441214203834534,,,,,,,,,,,,,,,
2,,26749,,,,,,,,,,,,,,,,1.7953332662582397,,,,,,,,,,,,,,,
2,,26799,,,,,,,,,,,,,,,,8.143593788146973,,,,,,,,,,,,,,,
2,,26849,,,,,,,,,,,,,,,,19.119190216064453,,,,,,,,,,,,,,,
2,,26899,,,,,,,,,,,,,,,,2.930371046066284,,,,,,,,,,,,,,,
2,,26949,,,,,,,,,,,,,,,,36.38520431518555,,,,,,,,,,,,,,,
2,,26999,,,,,,,,,,,,,,,,1.7808738946914673,,,,,,,,,,,,,,,
2,,27049,,,,,,,,,,,,,,,,11.777645111083984,,,,,,,,,,,,,,,
2,,27099,,,,,,,,,,,,,,,,6.601226329803467,,,,,,,,,,,,,,,
2,,27149,,,,,,,,,,,,,,,,3.633782386779785,,,,,,,,,,,,,,,
2,,27199,,,,,,,,,,,,,,,,3.767723321914673,,,,,,,,,,,,,,,
2,,27249,,,,,,,,,,,,,,,,10.161901473999023,,,,,,,,,,,,,,,
2,,27299,,,,,,,,,,,,,,,,3.0243892669677734,,,,,,,,,,,,,,,
2,,27349,,,,,,,,,,,,,,,,6.368037700653076,,,,,,,,,,,,,,,
2,,27398,,,,,,,,,,,,,,,,,80498.109375,9.938483238220215,7.7773118019104,1.6584532260894775,2.5151467323303223,3.145686149597168,1.797939658164978,2.6618733406066895,30.6607723236084,4.815036296844482,10.875596046447754,12.916805267333984,41.7250862121582,5.7353057861328125,43.029415130615234
3,,27399,80509.3828125,9.938549995422363,7.778711318969727,1.6571063995361328,2.515263795852661,3.145967960357666,1.79853355884552,2.6616525650024414,30.660812377929688,4.815046310424805,10.875606536865234,12.916792869567871,41.721439361572266,5.735424995422363,43.03040313720703,,,,,,,,,,,,,,,,
3,,27399,724.98779296875,22.657400131225586,8.045307159423828,1.6390986442565918,4.519008636474609,3.9279255867004395,17.01782989501953,5.160391807556152,49.07508087158203,7.705345153808594,5.964565277099609,38.70771408081055,65.13253784179688,8.80426025390625,21.999393463134766,,,,,,,,,,,,,,,,
